{
  "descriptive_sales": {
    "mean": 1100.6666666666667,
    "median": 1080.0,
    "mode": [
      870,
      950,
      980,
      990,
      1000,
      1020,
      1050,
      1080,
      1100,
      1150,
      1170,
      1200,
      1250,
      1300,
      1400
    ],
    "variance": 20792.380952380954,
    "std_dev": 144.19563430416662,
    "count": 15
  },
  "t_test_tutoring": {
    "tut_mean": 88.85714285714286,
    "non_mean": 77.625,
    "t_stat": 8.563042301525376,
    "p_value": 1.0671443377219316e-06
  },
  "ad_correlation": {
    "pearson_r": 0.9954612039947184,
    "p_value": 1.1448058023937884e-14
  },
  "ad_regression_params": {
    "const": 362.49486230990544,
    "ad_spend": 1.7157829839704077
  },
  "houses_regression_params": {
    "const": -245.45559800878982,
    "size_sqft": 178.5689475512331,
    "bedrooms": -2422.7162209100006,
    "location_Suburb": -6339.006599513657,
    "location_Urban": -21950.32997568598
  },
  "anova": {
    "f_stat": 31.933649289099492,
    "p_value": 1.0671443377219316e-06
  },
  "chi_square": {
    "chi2": 10.178571428571429,
    "p_value": 0.006162420044100124,
    "dof": 2
  }
}